{
    "rmse": 0.7149555953820962,
    "mae": 0.5546191812875112,
    "r2": 0.2697627609272685
}